Params	Time Savings	BD-BR Inc	RDCCOst
BipredSearchRange=2_QuadtreeTUMaxDepthInter=2	0.1461	0.0026	0.0180
BipredSearchRange=2_SearchRange=8	0.0892	0.0044	0.0493
BipredSearchRange=2_TestRect=3	0.1577	0.0092	0.0581
BipredSearchRange=2_SearchRange=8_TestRect=3	0.1922	0.0089	0.0461
SearchRange=8_TestRect=3	0.1537	0.0080	0.0520
QuadtreeTUMaxDepthInter=1_TestRect=3	0.2695	0.0164	0.0608
BipredSearchRange=0_TestRect=3	0.1747	0.0100	0.0572
TestRect=3_refs=3	0.2473	0.0179	0.0722
BipredSearchRange=0_SearchRange=8_TestRect=3	0.2096	0.0130	0.0622
SearchRange=8_TestRect=2	0.2499	0.0121	0.0482
BipredSearchRange=2_SearchRange=8_TestRect=2	0.2854	0.0160	0.0560
QuadtreeTUMaxDepthInter=1_SearchRange=8_TestRect=3	0.3021	0.0182	0.0603
BipredSearchRange=0_TestRect=2	0.2713	0.0163	0.0600
BipredSearchRange=0_SearchRange=8_TestRect=2	0.3009	0.0190	0.0632
BipredSearchRange=2_QuadtreeTUMaxDepthInter=1_SearchRange=8_TestRect=3	0.3408	0.0210	0.0616
BipredSearchRange=2_QuadtreeTUMaxDepthInter=1_TestRect=3	0.3089	0.0180	0.0584
BipredSearchRange=2_TestRect=3_refs=3	0.2747	0.0215	0.0783
BipredSearchRange=0_QuadtreeTUMaxDepthInter=1_TestRect=2	0.4127	0.0319	0.0772
BipredSearchRange=0_QuadtreeTUMaxDepthInter=1_SearchRange=8_TestRect=3	0.3578	0.0239	0.0667
BipredSearchRange=0_QuadtreeTUMaxDepthInter=1_TestRect=3	0.3255	0.0202	0.0620
BipredSearchRange=0_QuadtreeTUMaxDepthInter=1_SearchRange=8_TestRect=2	0.4428	0.0344	0.0777
QuadtreeTUMaxDepthInter=1_TestRect=3_refs=3	0.3964	0.0285	0.0719
BipredSearchRange=0_QuadtreeTUMaxDepthInter=1_SearchRange=8_TestRect=3_refs=3	0.4571	0.0355	0.0777
BipredSearchRange=0_SearchRange=8_TestRect=3_refs=3	0.3010	0.0253	0.0842
BipredSearchRange=2_QuadtreeTUMaxDepthInter=1_TestRect=3_refs=3	0.4254	0.0325	0.0763
BipredSearchRange=0_QuadtreeTUMaxDepthInter=1	0.2298	0.0125	0.0544
BipredSearchRange=2_QuadtreeTUMaxDepthInter=1_SearchRange=8_TestRect=2	0.4287	0.0304	0.0709
QuadtreeTUMaxDepthInter=1_refs=3	0.3165	0.0246	0.0778
QuadtreeTUMaxDepthInter=1_refs=2	0.4647	0.0322	0.0692
BipredSearchRange=0_QuadtreeTUMaxDepthInter=1_SearchRange=8_TestRect=2_refs=2	0.6104	0.0619	0.1014
BipredSearchRange=2_QuadtreeTUMaxDepthInter=1_SearchRange=8_TestRect=3_refs=3	0.4446	0.0326	0.0733
BipredSearchRange=0_QuadtreeTUMaxDepthInter=1_SearchRange=8_TestRect=2_refs=3	0.5256	0.0488	0.0929
BipredSearchRange=2_SearchRange=8_TestRect=3_refs=3	0.2924	0.0228	0.0780
BipredSearchRange=0_SearchRange=8_TestRect=2_refs=3	0.3814	0.0317	0.0832
BipredSearchRange=0_QuadtreeTUMaxDepthInter=1_SearchRange=8_TestRect=3_refs=2	0.5596	0.0490	0.0876
AMP=0_QuadtreeTUMaxDepthInter=1	0.2580	0.0159	0.0615
AMP=0_QuadtreeTUMaxDepthInter=1_TestRect=3	0.3623	0.0290	0.0799
AMP=0_QuadtreeTUMaxDepthInter=1_SearchRange=8_TestRect=3	0.3901	0.0304	0.0780
AMP=0_BipredSearchRange=2_QuadtreeTUMaxDepthInter=1_TestRect=3	0.3951	0.0288	0.0728
AMP=0_BipredSearchRange=0_QuadtreeTUMaxDepthInter=1_TestRect=2	0.5019	0.0461	0.0919
AMP=0_BipredSearchRange=2_QuadtreeTUMaxDepthInter=1_SearchRange=8_TestRect=3	0.4234	0.0312	0.0738
AMP=0_BipredSearchRange=0_QuadtreeTUMaxDepthInter=1_TestRect=3	0.4099	0.0316	0.0772
AMP=0_BipredSearchRange=0_QuadtreeTUMaxDepthInter=1_SearchRange=8_TestRect=3	0.4380	0.0326	0.0744
AMP=0_BipredSearchRange=0_QuadtreeTUMaxDepthInter=1_SearchRange=8_TestRect=2	0.5258	0.0489	0.0929
AMP=0_BipredSearchRange=2_QuadtreeTUMaxDepthInter=1_TestRect=3_refs=3	0.4977	0.0427	0.0858
AMP=0_BipredSearchRange=2_QuadtreeTUMaxDepthInter=1_SearchRange=8_TestRect=3_refs=3	0.5140	0.0449	0.0874
AMP=0_BipredSearchRange=0_QuadtreeTUMaxDepthInter=1_SearchRange=8_TestRect=3_refs=3	0.5250	0.0469	0.0894
AMP=0_BipredSearchRange=0_QuadtreeTUMaxDepthInter=1_TestRect=3_refs=3	0.5090	0.0460	0.0903
BipredSearchRange=0_QuadtreeTUMaxDepthInter=1_TestRect=2_refs=3	0.5109	0.0459	0.0899
AMP=0_QuadtreeTUMaxDepthInter=1_SearchRange=8_TestRect=3_refs=3	0.4889	0.0442	0.0905
AMP=0_QuadtreeTUMaxDepthInter=1_TestRect=3_refs=3	0.4731	0.0416	0.0879
BipredSearchRange=0_TestRect=3_refs=3	0.2875	0.0237	0.0826
BipredSearchRange=0_QuadtreeTUMaxDepthInter=1_TestRect=3_refs=3	0.4387	0.0310	0.0707
BipredSearchRange=2_QuadtreeTUMaxDepthInter=1_SearchRange=8_TestRect=2_refs=3	0.5144	0.0446	0.0868
BipredSearchRange=0_refs=3	0.2058	0.0154	0.0749
BipredSearchRange=0_QuadtreeTUMaxDepthInter=1_refs=3	0.3649	0.0242	0.0663
AMP=0_BipredSearchRange=0_QuadtreeTUMaxDepthInter=1_refs=3	0.4340	0.0333	0.0767
AMP=0_BipredSearchRange=0_QuadtreeTUMaxDepthInter=1_TestRect=2_refs=3	0.5828	0.0615	0.1055
AMP=0_BipredSearchRange=0_QuadtreeTUMaxDepthInter=1_SearchRange=8_TestRect=2_refs=3	0.5952	0.0631	0.1061
BipredSearchRange=0_refs=2	0.3355	0.0284	0.0845
BipredSearchRange=0_QuadtreeTUMaxDepthInter=1_refs=2	0.4987	0.0365	0.0733
BipredSearchRange=0_QuadtreeTUMaxDepthInter=1_TestRect=3_refs=2	0.5530	0.0455	0.0823
BipredSearchRange=0_TestRect=3_refs=2	0.3957	0.0342	0.0864
AMP=0_BipredSearchRange=0_QuadtreeTUMaxDepthInter=1_TestRect=3_refs=2	0.6087	0.0583	0.0958
AMP=0_BipredSearchRange=0	0.1813	0.0134	0.0738
AMP=0_BipredSearchRange=0_QuadtreeTUMaxDepthInter=1	0.3143	0.0211	0.0672
AMP=0_BipredSearchRange=0_QuadtreeTUMaxDepthInter=1_refs=2	0.5513	0.0459	0.0832
AMP=0_BipredSearchRange=0_TestRect=3_refs=3	0.3869	0.0340	0.0879
AMP=0_BipredSearchRange=0_refs=3	0.2998	0.0281	0.0939
BipredSearchRange=0_SearchRange=4	0.1147	0.0087	0.0756
BipredSearchRange=0_QuadtreeTUMaxDepthInter=1_SearchRange=4	0.2725	0.0178	0.0653
BipredSearchRange=0_QuadtreeTUMaxDepthInter=1_SearchRange=4_TestRect=3	0.3607	0.0269	0.0746
AMP=0_BipredSearchRange=0_QuadtreeTUMaxDepthInter=1_SearchRange=4	0.3499	0.0267	0.0764
BipredSearchRange=0_QuadtreeTUMaxDepthInter=1_SearchRange=4_TestRect=2	0.4464	0.0373	0.0835
BipredSearchRange=0_QuadtreeTUMaxDepthInter=1_SearchRange=4_refs=3	0.3877	0.0335	0.0864
BipredSearchRange=0_QuadtreeTUMaxDepthInter=1_SearchRange=4_TestRect=3_refs=3	0.4591	0.0398	0.0867
BipredSearchRange=0_SearchRange=4_TestRect=3_refs=3	0.3088	0.0276	0.0894
AMP=0_BipredSearchRange=0_QuadtreeTUMaxDepthInter=1_SearchRange=4_TestRect=3_refs=3	0.5272	0.0521	0.0988
BipredSearchRange=0_QuadtreeTUMaxDepthInter=1_SearchRange=4_TestRect=2_refs=3	0.5277	0.0553	0.1047
AMP=0_BipredSearchRange=0_QuadtreeTUMaxDepthInter=1_SearchRange=4_TestRect=3	0.4407	0.0359	0.0814
AMP=0_BipredSearchRange=0_SearchRange=4	0.2154	0.0204	0.0945
AMP=0_BipredSearchRange=2_SearchRange=8_TestRect=3_refs=3	0.3896	0.0371	0.0952
AMP=0_BipredSearchRange=2_TestRect=3_refs=3	0.3750	0.0331	0.0882
AMP=0_BipredSearchRange=0_SearchRange=8_TestRect=2_refs=3	0.4806	0.0454	0.0945
AMP=0_BipredSearchRange=0_QuadtreeTUMaxDepthInter=1_SearchRange=4_TestRect=2	0.5280	0.0522	0.0988
AMP=0_BipredSearchRange=0_SearchRange=8_TestRect=3_refs=3	0.4012	0.0387	0.0964
AMP=0_BipredSearchRange=0_refs=2	0.4176	0.0367	0.0879
AMP=0_BipredSearchRange=0_TestRect=3_refs=2	0.4860	0.0473	0.0973
AMP=0_BipredSearchRange=0_QuadtreeTUMaxDepthInter=1_SearchRange=4_refs=3	0.4523	0.0390	0.0862
AMP=0_BipredSearchRange=2_QuadtreeTUMaxDepthInter=1_SearchRange=8_TestRect=2_refs=3	0.5863	0.0591	0.1009
BipredSearchRange=0_SearchRange=4_refs=3	0.2289	0.0216	0.0943
BipredSearchRange=2_QuadtreeTUMaxDepthInter=1_SearchRange=4_TestRect=3_refs=3	0.4456	0.0361	0.0811
AMP=0_BipredSearchRange=2_QuadtreeTUMaxDepthInter=1_SearchRange=4_TestRect=3_refs=3	0.5163	0.0489	0.0948
BipredSearchRange=2_SearchRange=4_TestRect=3_refs=3	0.2956	0.0262	0.0886
BipredSearchRange=0_QuadtreeTUMaxDepthInter=1_SearchRange=4_TestRect=3_refs=2	0.5607	0.0521	0.0930
AMP=0_BipredSearchRange=0_QuadtreeTUMaxDepthInter=1_SearchRange=4_refs=2	0.5587	0.0511	0.0915
BipredSearchRange=0_SearchRange=4_refs=2	0.3453	0.0338	0.0979
BipredSearchRange=0_SearchRange=4_TestRect=3_refs=2	0.3416	0.0404	0.1184
AMP=0_BipredSearchRange=0_SearchRange=4_TestRect=3_refs=3	0.3987	0.0398	0.0999
AMP=0_BipredSearchRange=0_SearchRange=4_refs=2	0.4271	0.0448	0.1050
AMP=0_BipredSearchRange=2_SearchRange=4_TestRect=3_refs=3	0.3915	0.0392	0.1000
BipredSearchRange=0_FME=1	0.3174	0.0537	0.1691
BipredSearchRange=0_refs=1	0.4668	0.0448	0.0961
BipredSearchRange=0_HadamardME=0	0.1637	0.0174	0.1065
BipredSearchRange=0_MaxPartitionDepth=3	0.2914	0.0936	0.3211
BipredSearchRange=0_SearchRange=0	0.1384	0.0956	0.6908
AMP=0_BipredSearchRange=0_QuadtreeTUMaxDepthInter=1_SearchRange=4_TestRect=3_refs=2	0.6164	0.0633	0.1027
AMP=0_BipredSearchRange=0_QuadtreeTUMaxDepthInter=1_SearchRange=8_TestRect=2_refs=2	0.6686	0.0744	0.1112
BipredSearchRange=0_SearchRange=8_TestRect=2_refs=2	0.4643	0.0430	0.0926
AMP=0_BipredSearchRange=0_QuadtreeTUMaxDepthInter=1_SearchRange=4_TestRect=2_refs=3	0.5968	0.0659	0.1105
BipredSearchRange=0_SearchRange=8_TestRect=3_refs=2	0.4067	0.0367	0.0903
AMP=0_BipredSearchRange=0_SearchRange=8_TestRect=2_refs=2	0.5525	0.0575	0.1041
AMP=0_BipredSearchRange=0_QuadtreeTUMaxDepthInter=1_SearchRange=4_TestRect=2_refs=2	0.6692	0.0784	0.1171
AMP=0_BipredSearchRange=0_QuadtreeTUMaxDepthInter=1_TestRect=2_refs=2	0.6636	0.0731	0.1101
AMP=0_BipredSearchRange=0_QuadtreeTUMaxDepthInter=1_SearchRange=8_TestRect=3_refs=2	0.6155	0.0590	0.0958
BipredSearchRange=0_SearchRange=4_TestRect=3_refs=1	0.5090	0.0584	0.1148
AMP=0_BipredSearchRange=0_SearchRange=4_TestRect=3_refs=2	0.4912	0.0544	0.1107
BipredSearchRange=0_HadamardME=0_SearchRange=4_TestRect=3_refs=3	0.3658	0.0411	0.1123
BipredSearchRange=0_SearchRange=4_TestRect=2_refs=3	0.3825	0.0351	0.0919
AMP=0_BipredSearchRange=0_SearchRange=4_TestRect=2_refs=3	0.4820	0.0513	0.1064
AMP=0_BipredSearchRange=0_SearchRange=4_TestRect=2_refs=2	0.5540	0.0633	0.1143
AMP=0_BipredSearchRange=0_SearchRange=4_refs=3	0.3193	0.0326	0.1021
AMP=0_BipredSearchRange=0_SearchRange=4_refs=1	0.5382	0.0608	0.1129
AMP=0_BipredSearchRange=0_HadamardME=0_SearchRange=4	0.2945	0.0346	0.1176
AMP=0_BipredSearchRange=0_SearchRange=8_TestRect=3_refs=1	0.5825	0.0646	0.1109
AMP=0_BipredSearchRange=2_SearchRange=8_TestRect=3_refs=2	0.4835	0.0469	0.0970
AMP=0_BipredSearchRange=0_SearchRange=8_TestRect=3_refs=2	0.4907	0.0507	0.1034
AMP=0_BipredSearchRange=0_HadamardME=0_SearchRange=8_TestRect=3_refs=3	0.4508	0.0486	0.1079
AMP=0_BipredSearchRange=0_HadamardME=0_SearchRange=4_TestRect=3_refs=3	0.4525	0.0528	0.1167
AMP=0_BipredSearchRange=0_SearchRange=4_TestRect=3_refs=1	0.5820	0.0696	0.1196
AMP=0_BipredSearchRange=2_FME=1_SearchRange=8_TestRect=3_refs=3	0.5259	0.0904	0.1719
AMP=0_BipredSearchRange=2_SearchRange=8_TestRect=3_refs=1	0.5778	0.0629	0.1088
AMP=0_BipredSearchRange=0_FME=1_SearchRange=8_TestRect=3_refs=3	0.5359	0.0944	0.1761
AMP=0_BipredSearchRange=0_QuadtreeTUMaxDepthInter=1_TestRect=3_refs=1	0.7050	0.0754	0.1069
AMP=0_BipredSearchRange=0_QuadtreeTUMaxDepthInter=1_SearchRange=8_TestRect=3_refs=1	0.7061	0.0763	0.1080
AMP=0_refs=2	0.3899	0.0347	0.0891
AMP=0_QuadtreeTUMaxDepthInter=1_refs=2	0.5230	0.0415	0.0794
AMP=0_QuadtreeTUMaxDepthInter=1_TestRect=3_refs=2	0.5841	0.0554	0.0948
AMP=0_BipredSearchRange=2_QuadtreeTUMaxDepthInter=1_TestRect=3_refs=2	0.6013	0.0563	0.0936
AMP=0_BipredSearchRange=2_QuadtreeTUMaxDepthInter=1_SearchRange=8_TestRect=2_refs=2	0.6621	0.0724	0.1093
AMP=0_BipredSearchRange=2_QuadtreeTUMaxDepthInter=1_SearchRange=8_TestRect=3_refs=2	0.6060	0.0580	0.0957
AMP=0_BipredSearchRange=2_SearchRange=4_TestRect=3_refs=2	0.4844	0.0508	0.1049
AMP=0_BipredSearchRange=2_QuadtreeTUMaxDepthInter=1_SearchRange=4_TestRect=3_refs=2	0.6083	0.0613	0.1007
AMP=0_BipredSearchRange=0_QuadtreeTUMaxDepthInter=1_SearchRange=8_TestRect=2_refs=1	0.7421	0.0899	0.1211
AMP=0_BipredSearchRange=0_QuadtreeTUMaxDepthInter=1_SearchRange=4_TestRect=3_refs=1	0.7066	0.0815	0.1154
BipredSearchRange=0_HadamardME=0_refs=2	0.3836	0.0413	0.1077
AMP=0_BipredSearchRange=0_HadamardME=0_SearchRange=4_refs=2	0.4665	0.0576	0.1234
AMP=0_BipredSearchRange=0_HadamardME=0_SearchRange=8_TestRect=3_refs=2	0.5247	0.0613	0.1168
BipredSearchRange=0_HadamardME=0_SearchRange=4_refs=2	0.3923	0.0484	0.1234
AMP=0_BipredSearchRange=0_HadamardME=0	0.2599	0.0271	0.1042
AMP=0_BipredSearchRange=0_HadamardME=0_refs=2	0.4599	0.0508	0.1105
AMP=0_SearchRange=4	0.1599	0.0155	0.0972
AMP=0_SearchRange=4_refs=2	0.3959	0.0407	0.1029
AMP=0_FME=1	0.3408	0.0578	0.1697
AMP=0_refs=1	0.5194	0.0504	0.0971
AMP=0_BipredSearchRange=0_refs=1	0.5337	0.0537	0.1006
AMP=0_BipredSearchRange=2_QuadtreeTUMaxDepthInter=1_SearchRange=8_TestRect=3_refs=1	0.7026	0.0738	0.1051
AMP=0_SearchRange=4_refs=1	0.5202	0.0546	0.1050
AMP=0_BipredSearchRange=2_SearchRange=4_TestRect=3_refs=1	0.5789	0.0682	0.1178
AMP=0_BipredSearchRange=0_HadamardME=0_SearchRange=4_TestRect=3_refs=2	0.5243	0.0650	0.1240
AMP=0_BipredSearchRange=0_HadamardME=0_refs=1	0.5569	0.0671	0.1205
AMP=0_BipredSearchRange=0_HadamardME=0_SearchRange=4_refs=1	0.5576	0.0723	0.1297
AMP=0_BipredSearchRange=0_HadamardME=0_SearchRange=4_refs=3	0.3801	0.0450	0.1184
AMP=0_BipredSearchRange=0_HadamardME=0_SearchRange=8_TestRect=2_refs=2	0.5766	0.0703	0.1219
AMP=0_BipredSearchRange=0_HadamardME=0_QuadtreeTUMaxDepthInter=1_SearchRange=4_TestRect=2_refs=3	0.6391	0.0794	0.1242
AMP=0_BipredSearchRange=2_HadamardME=0_SearchRange=4_TestRect=3_refs=2	0.5166	0.0632	0.1224
AMP=0_BipredSearchRange=2_HadamardME=0_QuadtreeTUMaxDepthInter=1_SearchRange=8_TestRect=3_refs=1	0.7194	0.0851	0.1183
AMP=0_BipredSearchRange=0_HadamardME=0_QuadtreeTUMaxDepthInter=1_TestRect=2_refs=3	0.6250	0.0754	0.1206
AMP=0_BipredSearchRange=0_HadamardME=0_QuadtreeTUMaxDepthInter=1_SearchRange=8_TestRect=2_refs=3	0.6378	0.0748	0.1173
AMP=0_BipredSearchRange=0_HadamardME=0_SearchRange=4_TestRect=2_refs=3	0.5212	0.0627	0.1202
AMP=0_BipredSearchRange=0_HadamardME=0_QuadtreeTUMaxDepthInter=1_TestRect=3_refs=1	0.7236	0.0863	0.1193
AMP=0_BipredSearchRange=0_HadamardME=0_QuadtreeTUMaxDepthInter=1_SearchRange=8_TestRect=3_refs=1	0.7247	0.0872	0.1203
AMP=0_BipredSearchRange=2_HadamardME=0_SearchRange=8_TestRect=3_refs=1	0.5946	0.0753	0.1267
AMP=0_BipredSearchRange=2_HadamardME=0_QuadtreeTUMaxDepthInter=1_SearchRange=8_TestRect=2_refs=2	0.6909	0.0830	0.1202
AMP=0_BipredSearchRange=0_HadamardME=0_QuadtreeTUMaxDepthInter=1_TestRect=2_refs=2	0.6924	0.0867	0.1252
AMP=0_BipredSearchRange=0_HadamardME=0_SearchRange=8_TestRect=3_refs=1	0.5982	0.0759	0.1269
AMP=0_BipredSearchRange=0_HadamardME=0_QuadtreeTUMaxDepthInter=1_SearchRange=8_TestRect=2_refs=2	0.6972	0.0868	0.1245
AMP=0_BipredSearchRange=0_HadamardME=0_SearchRange=4_TestRect=2_refs=2	0.5800	0.0737	0.1270
AMP=0_BipredSearchRange=0_HadamardME=0_SearchRange=4_TestRect=3_refs=1	0.5991	0.0788	0.1315
BipredSearchRange=0_HadamardME=0_SearchRange=4_TestRect=3_refs=1	0.5308	0.0689	0.1297
AMP=0_BipredSearchRange=0_HadamardME=0_QuadtreeTUMaxDepthInter=1_SearchRange=4_TestRect=3_refs=1	0.7250	0.0903	0.1246
AMP=0_BipredSearchRange=0_HadamardME=0_QuadtreeTUMaxDepthInter=1_SearchRange=4_TestRect=2_refs=2	0.6975	0.0902	0.1293
AMP=0_BipredSearchRange=2_HadamardME=0_SearchRange=4_TestRect=3_refs=1	0.5949	0.0792	0.1332
BipredSearchRange=0_HadamardME=0_SearchRange=4_TestRect=3_refs=2	0.4465	0.0548	0.1228
BipredSearchRange=0_HadamardME=0_SearchRange=4	0.2060	0.0218	0.1058
AMP=0_BipredSearchRange=0_HadamardME=0_QuadtreeTUMaxDepthInter=1_SearchRange=8_TestRect=2_refs=1	0.7570	0.1031	0.1362
BipredSearchRange=0_FME=1_HadamardME=0_SearchRange=4	0.4005	0.0777	0.1939
BipredSearchRange=0_FME=1_HadamardME=0	0.3613	0.0716	0.1981
AMP=0_BipredSearchRange=0_HadamardME=0_QuadtreeTUMaxDepthInter=1_TestRect=3_refs=2	0.6443	0.0677	0.1051
AMP=0_BipredSearchRange=0_HadamardME=0_QuadtreeTUMaxDepthInter=1_SearchRange=4_TestRect=3_refs=2	0.6505	0.0738	0.1134
AMP=0_BipredSearchRange=0_HadamardME=0_QuadtreeTUMaxDepthInter=1_SearchRange=8_TestRect=3_refs=2	0.6489	0.0706	0.1088
AMP=0_BipredSearchRange=0_FME=1_HadamardME=0_SearchRange=8_TestRect=3_refs=3	0.5609	0.1130	0.2014
AMP=0_BipredSearchRange=0_HadamardME=0_QuadtreeTUMaxDepthInter=1_SearchRange=4_TestRect=3_refs=3	0.5781	0.0620	0.1073
BipredSearchRange=0_HadamardME=0_refs=1	0.4887	0.0575	0.1176
BipredSearchRange=0_HadamardME=0_SearchRange=4_refs=1	0.4908	0.0635	0.1293
AMP=0_BipredSearchRange=0_FME=1_HadamardME=0	0.4378	0.0802	0.1832
AMP=0_BipredSearchRange=2_FME=1_HadamardME=0_SearchRange=8_TestRect=3_refs=3	0.5507	0.1112	0.2019
BipredSearchRange=0_HadamardME=0_MaxPartitionDepth=3	0.3742	0.1130	0.3019
BipredSearchRange=0_HadamardME=0_SearchRange=0	0.2303	0.1198	0.5203
BipredSearchRange=0_FME=0_HadamardME=0	0.4760	0.1725	0.3623
BipredSearchRange=0_FME=1_HadamardME=0_SearchRange=4_TestRect=3_refs=3	0.4915	0.1000	0.2035
AMP=0_BipredSearchRange=0_FME=1_HadamardME=0_SearchRange=8_TestRect=3_refs=2	0.5996	0.1241	0.2070
AMP=0_BipredSearchRange=0_FME=1_HadamardME=0_SearchRange=4	0.4711	0.0870	0.1847
BipredSearchRange=0_FME=1_HadamardME=0_refs=1	0.5403	0.1322	0.2446
BipredSearchRange=0_FME=1_SearchRange=4_TestRect=3_refs=2	0.5122	0.1057	0.2064
BipredSearchRange=0_FME=1_HadamardME=0_SearchRange=4_TestRect=3_refs=2	0.5309	0.1151	0.2168
AMP=0_BipredSearchRange=0_FME=1_HadamardME=0_SearchRange=4_refs=3	0.5134	0.1057	0.2058
FME=1_SearchRange=4	0.2876	0.0559	0.1945
SearchRange=4_refs=1	0.4491	0.0457	0.1017
BipredSearchRange=0_SearchRange=4_refs=1	0.4347	0.0505	0.1161
AMP=0_BipredSearchRange=2_QuadtreeTUMaxDepthInter=1_SearchRange=4_TestRect=2_refs=1	0.7389	0.0931	0.1260
BipredSearchRange=0_QuadtreeTUMaxDepthInter=1_SearchRange=4_TestRect=2_refs=1	0.6967	0.0835	0.1198
AMP=0_BipredSearchRange=0_QuadtreeTUMaxDepthInter=1_SearchRange=4_TestRect=2_refs=1	0.7420	0.0945	0.1273
BipredSearchRange=0_HadamardME=0_QuadtreeTUMaxDepthInter=1_SearchRange=4_TestRect=2_refs=1	0.7173	0.0945	0.1317
AMP=0_BipredSearchRange=2_HadamardME=0_QuadtreeTUMaxDepthInter=1_SearchRange=4_TestRect=2_refs=1	0.7539	0.1066	0.1414
AMP=0_BipredSearchRange=0_HadamardME=0_QuadtreeTUMaxDepthInter=1_SearchRange=4_TestRect=2_refs=1	0.7578	0.1074	0.1417
BipredSearchRange=0_FME=1_SearchRange=4	0.3558	0.0638	0.1794
AMP=0_FME=1_SearchRange=4	0.3771	0.0639	0.1694
HadamardME=0_SearchRange=4	0.1422	0.0207	0.1457
MaxPartitionDepth=3_SearchRange=4	0.2645	0.0946	0.3578
BipredSearchRange=0_FME=1_HadamardME=0_SearchRange=4_refs=1	0.5402	0.1381	0.2557
AMP=0_BipredSearchRange=0_HadamardME=0_SearchRange=4_TestRect=2_refs=1	0.6398	0.0892	0.1394
AMP=0_BipredSearchRange=0_FME=1_HadamardME=0_refs=1	0.6008	0.1422	0.2366
AMP=0_BipredSearchRange=2_HadamardME=0_QuadtreeTUMaxDepthInter=1_SearchRange=4_TestRect=3_refs=2	0.6434	0.0721	0.1121
AMP=0_BipredSearchRange=0_FME=1_HadamardME=0_SearchRange=4_TestRect=3_refs=2	0.5994	0.1261	0.2104
AMP=0_BipredSearchRange=0_FME=1_HadamardME=0_QuadtreeTUMaxDepthInter=1_SearchRange=4_TestRect=2_refs=3	0.7297	0.1490	0.2042
AMP=0_BipredSearchRange=2_HadamardME=0_QuadtreeTUMaxDepthInter=1_SearchRange=4_TestRect=3_refs=1	0.7213	0.0890	0.1235
BipredSearchRange=0_FME=1_HadamardME=0_SearchRange=4_refs=2	0.4913	0.1096	0.2232
AMP=0_BipredSearchRange=0_FME=1_HadamardME=0_SearchRange=4_refs=2	0.5578	0.1199	0.2150
BipredSearchRange=0_FME=1_HadamardME=0_SearchRange=4_TestRect=3_refs=1	0.5711	0.1437	0.2517
AMP=0_BipredSearchRange=0_FME=1_HadamardME=0_SearchRange=4_TestRect=3_refs=1	0.6366	0.1554	0.2441
BipredSearchRange=0_FME=1_HadamardME=0_QuadtreeTUMaxDepthInter=1_SearchRange=4_TestRect=2_refs=1	0.7544	0.1767	0.2342
AMP=0_BipredSearchRange=2_FME=1_HadamardME=0_SearchRange=4_TestRect=3_refs=1	0.6317	0.1523	0.2411
AMP=0_BipredSearchRange=0_FME=1_HadamardME=0_QuadtreeTUMaxDepthInter=1_SearchRange=8_TestRect=2_refs=1	0.7883	0.1839	0.2333
AMP=0_BipredSearchRange=0_FME=1_HadamardME=0_SearchRange=4_TestRect=2_refs=1	0.6695	0.1633	0.2439
AMP=0_BipredSearchRange=2_FME=1_HadamardME=0_QuadtreeTUMaxDepthInter=1_SearchRange=4_TestRect=2_refs=1	0.7851	0.1835	0.2338
AMP=0_BipredSearchRange=0_FME=1_HadamardME=0_QuadtreeTUMaxDepthInter=1_SearchRange=4_TestRect=2_refs=1	0.7878	0.1896	0.2406
FME=1_HadamardME=0_SearchRange=4	0.3407	0.0721	0.2117
FME=1_refs=1	0.5091	0.1093	0.2146
FME=1_HadamardME=0	0.3001	0.0636	0.2119
FME=1_MaxPartitionDepth=3	0.4314	0.1413	0.3276
AMP=0_BipredSearchRange=0_FME=1_HadamardME=0_SearchRange=4_TestRect=3_refs=3	0.5648	0.1176	0.2082
HadamardME=0_SearchRange=4_refs=1	0.4749	0.0571	0.1202
AMP=0_HadamardME=0_SearchRange=4_refs=1	0.5452	0.0687	0.1260
AMP=0_FME=1_HadamardME=0_SearchRange=4_refs=1	0.5864	0.1428	0.2435
AMP=0_FME=1_HadamardME=0_SearchRange=4	0.4186	0.0845	0.2020
BipredSearchRange=0_FME=1_refs=1	0.5280	0.1196	0.2265
AMP=0_BipredSearchRange=0_FME=1_SearchRange=4	0.4330	0.0712	0.1644
AMP=0_BipredSearchRange=0_FME=1_SearchRange=4_refs=1	0.5920	0.1344	0.2271
AMP=0_BipredSearchRange=0_FME=1	0.3985	0.0680	0.1706
AMP=0_FME=1_HadamardME=0	0.3834	0.0761	0.1984
AMP=0_BipredSearchRange=0_FME=1_SearchRange=4_TestRect=3_refs=3	0.5383	0.0988	0.1835
AMP=0_BipredSearchRange=2_FME=1_HadamardME=0_SearchRange=4_TestRect=3_refs=3	0.5539	0.1117	0.2017
AMP=0_BipredSearchRange=0_FME=1_HadamardME=0_SearchRange=4_refs=1	0.6029	0.1496	0.2481
AMP=0_FME=1_HadamardME=0_MaxPartitionDepth=3_SearchRange=4	0.5472	0.1733	0.3167
BipredSearchRange=0_FME=1_HadamardME=0_MaxPartitionDepth=3_SearchRange=4_TestRect=3_refs=3	0.6289	0.2294	0.3648
BipredSearchRange=0_FME=1_SearchRange=4_TestRect=3_refs=1	0.5625	0.1276	0.2268
BipredSearchRange=0_FME=1_MaxPartitionDepth=3_SearchRange=4_TestRect=3_refs=2	0.6398	0.2207	0.3450
AMP=0_BipredSearchRange=0_FME=1_SearchRange=4_TestRect=3_refs=1	0.6278	0.1427	0.2273
FME=1_HadamardME=0_refs=1	0.5246	0.1273	0.2426
FME=1_HadamardME=0_MaxPartitionDepth=3	0.4730	0.1650	0.3489
BipredSearchRange=0_FME=1_HadamardME=0_MaxPartitionDepth=3_SearchRange=4_refs=2	0.6266	0.2135	0.3408
BipredSearchRange=0_FME=1_MaxPartitionDepth=3_refs=1	0.6463	0.2177	0.3368
BipredSearchRange=0_FME=1_MaxPartitionDepth=3_SearchRange=4_TestRect=3_refs=1	0.6748	0.2518	0.3732
AMP=0_BipredSearchRange=0_FME=1_MaxPartitionDepth=3_SearchRange=4_refs=1	0.6839	0.2286	0.3342
AMP=0_BipredSearchRange=0_FME=1_MaxPartitionDepth=3_SearchRange=4_TestRect=3_refs=1	0.7127	0.2586	0.3629
AMP=0_BipredSearchRange=0_FME=1_HadamardME=0_MaxPartitionDepth=3_QuadtreeTUMaxDepthInter=1_SearchRange=8_TestRect=2_refs=1	0.8465	0.3902	0.4610
AMP=0_BipredSearchRange=2_FME=1_HadamardME=0_MaxPartitionDepth=3_QuadtreeTUMaxDepthInter=1_SearchRange=4_TestRect=2_refs=1	0.8445	0.3929	0.4652
BipredSearchRange=0_FME=1_HadamardME=0_MaxPartitionDepth=3_QuadtreeTUMaxDepthInter=1_SearchRange=4_TestRect=2_refs=1	0.8264	0.3836	0.4642
AMP=0_BipredSearchRange=0_FME=1_HadamardME=0_MaxPartitionDepth=3_refs=1	0.6901	0.2392	0.3467
AMP=0_BipredSearchRange=0_FME=1_HadamardME=0_MaxPartitionDepth=3_QuadtreeTUMaxDepthInter=1_SearchRange=4_TestRect=2_refs=1	0.8476	0.3934	0.4641
AMP=0_BipredSearchRange=2_FME=1_HadamardME=0_MaxPartitionDepth=3_SearchRange=4_TestRect=3_refs=1	0.7174	0.2705	0.3770
FME=1_HadamardME=0_MaxPartitionDepth=3_refs=1	0.6404	0.2284	0.3567
AMP=0_FME=1_HadamardME=0_MaxPartitionDepth=3_SearchRange=4_refs=1	0.6800	0.2400	0.3530
AMP=0_BipredSearchRange=0_FME=1_HadamardME=0_MaxPartitionDepth=3_SearchRange=4_TestRect=2_refs=1	0.7480	0.3019	0.4036
AMP=0_BipredSearchRange=0_FME=1_HadamardME=0_MaxPartitionDepth=3_SearchRange=4_TestRect=3_refs=1	0.7210	0.2752	0.3817
BipredSearchRange=0_FME=1_HadamardME=0_MaxPartitionDepth=3_refs=1	0.6573	0.2352	0.3578
AMP=0_BipredSearchRange=0_FME=1_HadamardME=0_MaxPartitionDepth=3_SearchRange=4_refs=1	0.6943	0.2465	0.3550
BipredSearchRange=0_FME=1_HadamardME=0_MaxPartitionDepth=3_SearchRange=4_TestRect=3_refs=1	0.6828	0.2668	0.3908
BipredSearchRange=0_FME=1_HadamardME=0_MaxPartitionDepth=3_SearchRange=4_refs=1	0.6595	0.2415	0.3661
MaxPartitionDepth=3_SearchRange=0	0.2800	0.1120	0.4001
FME=0_MaxPartitionDepth=3	0.5630	0.2666	0.4735
AMP=0_BipredSearchRange=0_FME=1_SearchRange=0_refs=1	0.5863	0.3714	0.6336
AMP=0_BipredSearchRange=0_FME=0_SearchRange=4_refs=1	0.6312	0.3540	0.5608
AMP=0_BipredSearchRange=0_FME=1_SearchRange=0_TestRect=3_refs=1	0.6210	0.3762	0.6059
AMP=0_BipredSearchRange=0_FME=0_SearchRange=4_TestRect=3_refs=1	0.6579	0.3633	0.5522
AMP=0_BipredSearchRange=0_FME=1_HadamardME=0_SearchRange=0_refs=1	0.5949	0.3986	0.6700
AMP=0_BipredSearchRange=0_FME=0_HadamardME=0_refs=1	0.6286	0.3523	0.5604
AMP=0_BipredSearchRange=2_FME=1_HadamardME=0_QuadtreeTUMaxDepthInter=1_SearchRange=4_TestRect=3_refs=1	0.7600	0.1672	0.2201
BipredSearchRange=0_FME=1_HadamardME=0_MaxPartitionDepth=3_SearchRange=4_TestRect=3_refs=2	0.6553	0.2419	0.3691
AMP=0_BipredSearchRange=0_FME=1_HadamardME=0_QuadtreeTUMaxDepthInter=1_SearchRange=4_TestRect=3_refs=2	0.7270	0.1397	0.1921
FME=1_HadamardME=0_SearchRange=0_refs=1	0.5307	0.1547	0.2914
FME=1_HadamardME=0_MaxPartitionDepth=3_SearchRange=0_refs=1	0.6449	0.2534	0.3930
AMP=0_BipredSearchRange=0_FME=1_HadamardME=0_SearchRange=0_TestRect=3_refs=1	0.6295	0.3886	0.6174
FME=0_HadamardME=0_refs=1	0.5561	0.3141	0.5649
AMP=0_FME=1_HadamardME=0_SearchRange=0_refs=1	0.5904	0.1647	0.2790
AMP=0_FME=1_HadamardME=0_MaxPartitionDepth=3_SearchRange=0_refs=1	0.6821	0.2575	0.3776
AMP=0_FME=0_HadamardME=0_SearchRange=4_refs=1	0.6163	0.3310	0.5372
BipredSearchRange=0_FME=1_HadamardME=0_SearchRange=0_refs=1	0.5322	0.3934	0.7392
BipredSearchRange=0_HadamardME=0_MaxPartitionDepth=3_SearchRange=0	0.4198	0.2121	0.5052
FME=0_SearchRange=0	0.4820	0.2092	0.4341
BipredSearchRange=0_MaxPartitionDepth=3_SearchRange=0	0.3396	0.1958	0.5766
FME=1_MaxPartitionDepth=3_SearchRange=0	0.4774	0.1664	0.3486
BipredSearchRange=0_FME=1_MaxPartitionDepth=3_SearchRange=0_refs=1	0.6441	0.4496	0.6981
BipredSearchRange=0_FME=1_HadamardME=0_MaxPartitionDepth=3_SearchRange=0_refs=1	0.6550	0.4718	0.7202
BipredSearchRange=0_FME=0_HadamardME=0_MaxPartitionDepth=3	0.6226	0.2733	0.4389
AMP=0_BipredSearchRange=0_FME=1_HadamardME=0_MaxPartitionDepth=3_SearchRange=4	0.6027	0.1821	0.3020
BipredSearchRange=0_FME=1_HadamardME=0_MaxPartitionDepth=3	0.5311	0.1710	0.3220
BipredSearchRange=0_FME=1_HadamardME=0_MaxPartitionDepth=3_SearchRange=0	0.5705	0.3555	0.6231
AMP=0_BipredSearchRange=0_FME=0_HadamardME=0_MaxPartitionDepth=3_SearchRange=4	0.6881	0.2871	0.4173
BipredSearchRange=0_FME=0_MaxPartitionDepth=3	0.6230	0.2717	0.4362
BipredSearchRange=0_FME=1_MaxPartitionDepth=3	0.4907	0.1463	0.2981
BipredSearchRange=0_FME=1_MaxPartitionDepth=3_SearchRange=0	0.5302	0.3499	0.6598
AMP=0_BipredSearchRange=0_FME=1_HadamardME=0_MaxPartitionDepth=3_SearchRange=0_refs=1	0.6909	0.4839	0.7004
FME=1_HadamardME=0_MaxPartitionDepth=3_SearchRange=0	0.5161	0.1898	0.3678
BipredSearchRange=0_FME=0_HadamardME=0_SearchRange=0	0.4869	1.1033	2.2658
FME=1_MaxPartitionDepth=3_SearchRange=4	0.4628	0.1495	0.3231
BipredSearchRange=0_FME=1_HadamardME=0_MaxPartitionDepth=3_SearchRange=4	0.5602	0.1803	0.3219
BipredSearchRange=0_FME=1_MaxPartitionDepth=3_SearchRange=4	0.5197	0.1564	0.3009
BipredSearchRange=0_MaxPartitionDepth=3_SearchRange=4	0.3246	0.1026	0.3162
BipredSearchRange=0_HadamardME=0_MaxPartitionDepth=3_SearchRange=4	0.4047	0.1209	0.2987
BipredSearchRange=0_FME=0_MaxPartitionDepth=3_SearchRange=4	0.6505	0.2822	0.4337
FME=1_MaxPartitionDepth=2	0.6751	0.3962	0.5869
FME=0_MaxPartitionDepth=3_SearchRange=0	0.6112	0.2905	0.4753
BipredSearchRange=0_FME=1_HadamardME=0_MaxPartitionDepth=3_SearchRange=0_refs=2	0.6276	0.4044	0.6443
BipredSearchRange=0_FME=1_MaxPartitionDepth=3_SearchRange=0_TestRect=3_refs=2	0.6402	0.4037	0.6305
FME=1_HadamardME=0_MaxPartitionDepth=3_SearchRange=4	0.5039	0.1687	0.3347
FME=1_HadamardME=0_MaxPartitionDepth=3_SearchRange=4_refs=1	0.6436	0.2364	0.3673
BipredSearchRange=0_FME=0_HadamardME=0_MaxPartitionDepth=3_SearchRange=4	0.6516	0.2852	0.4377
FME=1_HadamardME=0_MaxPartitionDepth=2	0.7012	0.4350	0.6203
FME=0_HadamardME=0_MaxPartitionDepth=3_SearchRange=0	0.6112	0.3010	0.4924
MaxPartitionDepth=2_SearchRange=4	0.5775	0.3386	0.5863
BipredSearchRange=0_FME=0_HadamardME=0_MaxPartitionDepth=3_refs=1	0.6829	0.4435	0.6495
BipredSearchRange=0_FME=0_HadamardME=0_MaxPartitionDepth=2	0.7806	0.5684	0.7281
BipredSearchRange=0_FME=0_HadamardME=0_MaxPartitionDepth=3_SearchRange=0	0.6369	1.2707	1.9952
AMP=0_BipredSearchRange=0_FME=1_HadamardME=0_MaxPartitionDepth=3_SearchRange=4_TestRect=3_refs=3	0.6702	0.2348	0.3504
AMP=0_BipredSearchRange=0_FME=0_HadamardME=0_MaxPartitionDepth=3_SearchRange=4_TestRect=3_refs=3	0.7202	0.3451	0.4792
BipredSearchRange=0_FME=1_HadamardME=0_MaxPartitionDepth=3_SearchRange=0_TestRect=3_refs=3	0.6341	0.4153	0.6550
FME=1_HadamardME=0_MaxPartitionDepth=2_SearchRange=0	0.7256	0.4497	0.6197
AMP=0_BipredSearchRange=0_FME=1_HadamardME=0_MaxPartitionDepth=3_SearchRange=0_TestRect=3_refs=1	0.7184	0.4948	0.6887
BipredSearchRange=0_FME=1_HadamardME=0_MaxPartitionDepth=2_SearchRange=4_TestRect=3_refs=2	0.7963	0.5432	0.6822
BipredSearchRange=0_FME=1_HadamardME=0_MaxPartitionDepth=3_SearchRange=0_TestRect=3_refs=1	0.6794	0.4930	0.7256
BipredSearchRange=0_FME=1_HadamardME=0_MaxPartitionDepth=3_SearchRange=0_TestRect=3_refs=2	0.6565	0.4204	0.6404
BipredSearchRange=0_FME=1_MaxPartitionDepth=2_SearchRange=4_TestRect=3_refs=1	0.8041	0.5483	0.6819
BipredSearchRange=0_FME=1_MaxPartitionDepth=3_SearchRange=0_TestRect=3_refs=1	0.6713	0.4754	0.7081
AMP=0_BipredSearchRange=2_FME=1_HadamardME=0_MaxPartitionDepth=3_SearchRange=0_TestRect=3_refs=1	0.7187	0.3108	0.4325
AMP=0_FME=1_HadamardME=0_MaxPartitionDepth=2_SearchRange=0_refs=1	0.8037	0.5211	0.6483
BipredSearchRange=0_FME=1_HadamardME=0_MaxPartitionDepth=2_SearchRange=4_TestRect=3_refs=1	0.8101	0.5764	0.7116
BipredSearchRange=0_FME=0_MaxPartitionDepth=3_SearchRange=0	0.6357	1.2766	2.0081
AMP=0_FME=0_HadamardME=0_MaxPartitionDepth=3_SearchRange=4_refs=1	0.7033	0.4225	0.6007
AMP=0_BipredSearchRange=0_FME=0_MaxPartitionDepth=3_SearchRange=4_TestRect=3_refs=1	0.7398	0.4801	0.6490
AMP=0_BipredSearchRange=0_FME=0_HadamardME=0_MaxPartitionDepth=3_SearchRange=0_refs=1	0.6964	1.2767	1.8333
AMP=0_BipredSearchRange=0_FME=0_MaxPartitionDepth=3_SearchRange=4_refs=1	0.7184	0.4455	0.6201
FME=0_HadamardME=0_MaxPartitionDepth=3_SearchRange=0_refs=1	0.6725	0.4415	0.6564
FME=1_MaxPartitionDepth=2_SearchRange=0	0.6981	0.4138	0.5928
AMP=0_BipredSearchRange=0_FME=1_MaxPartitionDepth=3_SearchRange=0_TestRect=3_refs=1	0.7104	0.4700	0.6617
AMP=0_BipredSearchRange=0_FME=1_MaxPartitionDepth=3_SearchRange=0_refs=1	0.6822	0.4511	0.6613
AMP=0_BipredSearchRange=0_FME=0_HadamardME=0_MaxPartitionDepth=3_SearchRange=4_TestRect=2_refs=1	0.7604	0.5132	0.6749
AMP=0_BipredSearchRange=0_FME=0_HadamardME=0_MaxPartitionDepth=3_SearchRange=0	0.6794	1.2712	1.8711
AMP=0_BipredSearchRange=0_FME=0_HadamardME=0_MaxPartitionDepth=3_SearchRange=4_TestRect=3_refs=1	0.7381	0.4898	0.6636
AMP=0_BipredSearchRange=0_FME=0_HadamardME=0_MaxPartitionDepth=3_SearchRange=4_refs=1	0.7180	0.4542	0.6325
AMP=0_BipredSearchRange=0_FME=0_HadamardME=0_MaxPartitionDepth=3_refs=1	0.7164	0.4444	0.6204
BipredSearchRange=0_FME=0_HadamardME=0_MaxPartitionDepth=2_SearchRange=4	0.7975	0.5874	0.7365
BipredSearchRange=0_FME=1_HadamardME=0_MaxPartitionDepth=2	0.7301	0.4434	0.6072
BipredSearchRange=0_FME=1_HadamardME=0_MaxPartitionDepth=2_SearchRange=0	0.7514	0.6352	0.8454
BipredSearchRange=0_FME=0_HadamardME=0_MaxPartitionDepth=3_QuadtreeTUMaxDepthInter=1_SearchRange=4_TestRect=2_refs=1	0.8453	0.6241	0.7383
AMP=0_BipredSearchRange=2_FME=0_HadamardME=0_MaxPartitionDepth=3_QuadtreeTUMaxDepthInter=1_SearchRange=4_TestRect=2_refs=1	0.8601	0.6029	0.7010
FME=0_HadamardME=0_MaxPartitionDepth=3_refs=1	0.6629	0.4132	0.6233
FME=0_MaxPartitionDepth=2_SearchRange=4	0.7682	0.5428	0.7065
AMP=0_BipredSearchRange=0_FME=0_HadamardME=0_MaxPartitionDepth=3_SearchRange=0_TestRect=3_refs=3	0.7078	1.2757	1.8024
AMP=0_BipredSearchRange=0_FME=0_HadamardME=0_SearchRange=4_refs=1	0.6299	0.3577	0.5679
AMP=0_BipredSearchRange=0_FME=0_HadamardME=0_SearchRange=4_TestRect=3_refs=1	0.6574	0.3664	0.5574
AMP=0_BipredSearchRange=0_FME=0_HadamardME=0_SearchRange=0_refs=1	0.5900	1.1054	1.8736
BipredSearchRange=0_FME=0_HadamardME=0_SearchRange=0_refs=1	0.5197	1.1057	2.1276
BipredSearchRange=0_HadamardME=0_MaxPartitionDepth=2_SearchRange=4	0.6582	0.3831	0.5821
BipredSearchRange=0_FME=0_HadamardME=0_MaxPartitionDepth=3_SearchRange=0_refs=1	0.6562	1.2752	1.9434
AMP=0_BipredSearchRange=0_FME=1_HadamardME=0_MaxPartitionDepth=2_SearchRange=0_refs=1	0.8095	0.7256	0.8963
BipredSearchRange=0_FME=2_HadamardME=0_SearchRange=0	0.3109	1.1029	3.5478
AMP=0_BipredSearchRange=0_FME=0_HadamardME=0_MaxPartitionDepth=2_SearchRange=4_refs=1	0.8245	0.7453	0.9040
AMP=0_FME=0_HadamardME=0_MaxPartitionDepth=2_SearchRange=4_refs=1	0.8168	0.7033	0.8610
AMP=0_FME=1_HadamardME=0_MaxPartitionDepth=2_SearchRange=4_refs=1	0.8024	0.5113	0.6372
AMP=0_BipredSearchRange=0_FME=1_HadamardME=0_MaxPartitionDepth=2_SearchRange=4_refs=1	0.8082	0.5205	0.6439
BipredSearchRange=0_MaxPartitionDepth=2_SearchRange=4	0.6060	0.3472	0.5729
BipredSearchRange=0_FME=0_MaxPartitionDepth=2_SearchRange=4	0.7975	0.5639	0.7070
BipredSearchRange=0_FME=0_HadamardME=0_MaxPartitionDepth=2_SearchRange=4_refs=1	0.8112	0.7475	0.9215
FME=0_HadamardME=0_MaxPartitionDepth=2_SearchRange=4_refs=1	0.8037	0.7034	0.8752
BipredSearchRange=0_FME=1_MaxPartitionDepth=2_SearchRange=0	0.7247	0.6093	0.8408
BipredSearchRange=0_FME=2_MaxPartitionDepth=3_SearchRange=0	0.4562	1.2732	2.7907
FME=1_MaxPartitionDepth=2_SearchRange=4	0.6918	0.3990	0.5768
BipredSearchRange=0_FME=1_HadamardME=0_MaxPartitionDepth=2_SearchRange=4	0.7465	0.4474	0.5993
BipredSearchRange=0_FME=1_MaxPartitionDepth=2_SearchRange=4	0.7200	0.4138	0.5747
AMP=0_BipredSearchRange=0_FME=1_MaxPartitionDepth=2_SearchRange=0_TestRect=3_refs=1	0.8182	0.7697	0.9407
AMP=0_BipredSearchRange=0_FME=1_HadamardME=0_MaxPartitionDepth=2_SearchRange=0_TestRect=3_refs=1	0.8238	0.7825	0.9500
FME=1_HadamardME=0_MaxPartitionDepth=2_SearchRange=4	0.7184	0.4359	0.6068
FME=0_HadamardME=0_MaxPartitionDepth=3_SearchRange=4_refs=1	0.6687	0.4223	0.6315
BipredSearchRange=0_FME=0_HadamardME=0_MaxPartitionDepth=3_SearchRange=4_refs=1	0.6846	0.4528	0.6614
AMP=0_BipredSearchRange=0_FME=1_MaxPartitionDepth=2_SearchRange=0_refs=1	0.8020	0.7108	0.8862
AMP=0_BipredSearchRange=0_FME=1_HadamardME=0_MaxPartitionDepth=2_SearchRange=4_TestRect=3_refs=1	0.8244	0.5801	0.7037
AMP=0_BipredSearchRange=0_FME=0_HadamardME=0_MaxPartitionDepth=3_SearchRange=0_TestRect=3_refs=1	0.7173	1.2789	1.7829
AMP=0_BipredSearchRange=0_FME=1_MaxPartitionDepth=3_SearchRange=0_TestRect=3_refs=2	0.6815	0.4182	0.6137
AMP=0_BipredSearchRange=0_FME=1_HadamardME=0_MaxPartitionDepth=3_SearchRange=0_TestRect=3_refs=2	0.6973	0.4376	0.6275
BipredSearchRange=0_FME=0_HadamardME=0_MaxPartitionDepth=3_SearchRange=4_TestRect=3_refs=1	0.7030	0.4813	0.6847
AMP=0_BipredSearchRange=0_FME=1_HadamardME=0_MaxPartitionDepth=3_SearchRange=0_refs=2	0.6649	0.4220	0.6347
AMP=0_BipredSearchRange=0_FME=1_HadamardME=0_MaxPartitionDepth=3_SearchRange=0_TestRect=3_refs=3	0.6752	0.4217	0.6245
AMP=0_BipredSearchRange=0_FME=2_SearchRange=0_refs=1	0.5325	1.1061	2.0771
AMP=0_BipredSearchRange=0_FME=1_MaxPartitionDepth=2_SearchRange=4_TestRect=3_refs=1	0.8184	0.5534	0.6762
AMP=0_BipredSearchRange=0_FME=1_HadamardME=0_MaxPartitionDepth=2_SearchRange=4_TestRect=3_refs=2	0.8106	0.5510	0.6798
BipredSearchRange=0_FME=2_HadamardME=0_MaxPartitionDepth=3_SearchRange=0_refs=2	0.5750	1.2772	2.2210
BipredSearchRange=0_FME=0_HadamardME=0_MaxPartitionDepth=3_SearchRange=0_TestRect=3_refs=1	0.6757	1.2776	1.8906
AMP=0_BipredSearchRange=0_FME=2_HadamardME=0_SearchRange=0_refs=1	0.5431	1.1054	2.0354
AMP=0_BipredSearchRange=0_FME=2_HadamardME=0_MaxPartitionDepth=3_SearchRange=4_TestRect=2_refs=1	0.7342	0.5198	0.7081
BipredSearchRange=0_FME=2_SearchRange=0	0.2698	1.1045	4.0940
FME=2_MaxPartitionDepth=1	0.8153	1.1175	1.3707
BipredSearchRange=0_FME=0_HadamardME=0_MaxPartitionDepth=2_SearchRange=0	0.7940	1.6024	2.0181
BipredSearchRange=0_MaxPartitionDepth=1_SearchRange=0	0.8005	1.0174	1.2709
BipredSearchRange=0_FME=0_MaxPartitionDepth=2_SearchRange=4_refs=1	0.8111	0.7290	0.8987
BipredSearchRange=0_FME=0_HadamardME=0_MaxPartitionDepth=2_SearchRange=0_refs=1	0.8012	1.6138	2.0141
BipredSearchRange=0_FME=1_MaxPartitionDepth=1_SearchRange=0_refs=1	0.8951	1.2644	1.4126
BipredSearchRange=0_FME=1_MaxPartitionDepth=2_SearchRange=0_refs=1	0.7884	0.7081	0.8981
BipredSearchRange=0_FME=1_HadamardME=0_MaxPartitionDepth=2_SearchRange=0_refs=1	0.7959	0.7209	0.9058
AMP=0_BipredSearchRange=0_FME=0_HadamardME=0_MaxPartitionDepth=2_SearchRange=0_refs=1	0.8176	1.6158	1.9762
AMP=0_BipredSearchRange=0_FME=0_HadamardME=0_MaxPartitionDepth=3_QuadtreeTUMaxDepthInter=1_SearchRange=4_TestRect=2_refs=1	0.8628	0.6379	0.7393
AMP=0_BipredSearchRange=0_FME=1_HadamardME=0_MaxPartitionDepth=1_SearchRange=0_refs=1	0.8992	1.2933	1.4383
AMP=0_BipredSearchRange=0_FME=1_HadamardME=0_MaxPartitionDepth=2_QuadtreeTUMaxDepthInter=1_SearchRange=4_TestRect=3_refs=1	0.8807	0.7504	0.8520
AMP=0_BipredSearchRange=0_FME=0_HadamardME=0_MaxPartitionDepth=2_SearchRange=4_TestRect=3_refs=1	0.8352	0.8066	0.9657
BipredSearchRange=0_FME=0_HadamardME=0_MaxPartitionDepth=2_SearchRange=0_TestRect=3_refs=1	0.8113	1.6165	1.9924
BipredSearchRange=0_FME=0_HadamardME=0_MaxPartitionDepth=2_SearchRange=4_TestRect=3_refs=1	0.8207	0.8014	0.9765
BipredSearchRange=0_FME=1_HadamardME=0_MaxPartitionDepth=1_SearchRange=0_TestRect=3_refs=1	0.9060	1.3497	1.4896
BipredSearchRange=0_FME=1_HadamardME=0_MaxPartitionDepth=2_SearchRange=0_TestRect=3_refs=1	0.8088	0.7853	0.9710
BipredSearchRange=0_FME=0_HadamardME=0_MaxPartitionDepth=1	0.8911	1.1905	1.3360
BipredSearchRange=0_FME=1_HadamardME=0_MaxPartitionDepth=3_QuadtreeTUMaxDepthInter=1_SearchRange=0_TestRect=2_refs=1	0.8238	0.6301	0.7649
AMP=0_BipredSearchRange=0_FME=1_HadamardME=0_MaxPartitionDepth=3_QuadtreeTUMaxDepthInter=1_SearchRange=0_TestRect=2_refs=1	0.8459	0.6212	0.7344
AMP=0_BipredSearchRange=0_FME=0_HadamardME=0_MaxPartitionDepth=2_QuadtreeTUMaxDepthInter=1_SearchRange=4_TestRect=2_refs=1	0.8992	1.1485	1.2771
BipredSearchRange=0_FME=1_HadamardME=0_MaxPartitionDepth=1_SearchRange=0_refs=1	0.8993	1.2933	1.4381
BipredSearchRange=0_FME=1_HadamardME=0_MaxPartitionDepth=1_QuadtreeTUMaxDepthInter=1_SearchRange=0_TestRect=2_refs=1	0.9295	1.7673	1.9013
AMP=0_BipredSearchRange=0_FME=0_HadamardME=0_MaxPartitionDepth=2_QuadtreeTUMaxDepthInter=1_SearchRange=4_TestRect=3_refs=1	0.8933	1.0061	1.1262
BipredSearchRange=0_FME=0_HadamardME=0_MaxPartitionDepth=1_SearchRange=0_TestRect=3_refs=1	0.9122	2.1239	2.3285
BipredSearchRange=0_FME=0_HadamardME=0_MaxPartitionDepth=1_SearchRange=4_TestRect=3_refs=1	0.9125	1.3769	1.5088
BipredSearchRange=0_FME=2_HadamardME=0_MaxPartitionDepth=1_SearchRange=4_TestRect=3_refs=1	0.9030	1.3779	1.5259
AMP=0_BipredSearchRange=0_FME=0_HadamardME=0_MaxPartitionDepth=1_QuadtreeTUMaxDepthInter=1_SearchRange=0_TestRect=3_refs=1	0.9314	2.3927	2.5690
BipredSearchRange=0_FME=0_HadamardME=0_MaxPartitionDepth=1_SearchRange=0	0.9046	2.1103	2.3327
BipredSearchRange=0_FME=2_MaxPartitionDepth=1_SearchRange=0	0.8447	2.1068	2.4941
AMP=0_BipredSearchRange=0_FME=0_HadamardME=0_MaxPartitionDepth=1_QuadtreeTUMaxDepthInter=1_SearchRange=4_TestRect=2_refs=1	0.9346	1.8043	1.9305
AMP=0_BipredSearchRange=0_FME=2_HadamardME=0_MaxPartitionDepth=1_QuadtreeTUMaxDepthInter=1_SearchRange=4_TestRect=2_refs=1	0.9270	1.8109	1.9536
BipredSearchRange=0_FME=2_HadamardME=0_MaxPartitionDepth=1	0.8458	1.1961	1.4142
BipredSearchRange=0_FME=2_HadamardME=0_MaxPartitionDepth=1_SearchRange=0	0.8595	2.1135	2.4591
BipredSearchRange=0_FME=2_HadamardME=0_MaxPartitionDepth=1_SearchRange=0_refs=1	0.8957	2.1229	2.3702
AMP=0_BipredSearchRange=0_FME=0_HadamardME=0_MaxPartitionDepth=1_SearchRange=0_refs=1	0.9075	2.1213	2.3376
AMP=0_BipredSearchRange=0_FME=1_HadamardME=0_MaxPartitionDepth=1_SearchRange=0_TestRect=3_refs=1	0.9061	1.3497	1.4896
AMP=0_BipredSearchRange=0_FME=0_HadamardME=0_MaxPartitionDepth=1_SearchRange=4_TestRect=3_refs=1	0.9126	1.3769	1.5088
AMP=0_BipredSearchRange=0_FME=2_HadamardME=0_MaxPartitionDepth=1_SearchRange=4_TestRect=3_refs=1	0.9027	1.3779	1.5263
AMP=0_BipredSearchRange=0_FME=0_HadamardME=0_MaxPartitionDepth=1_SearchRange=0_TestRect=3_refs=1	0.9121	2.1239	2.3286
AMP=0_BipredSearchRange=0_FME=1_HadamardME=0_MaxPartitionDepth=1_QuadtreeTUMaxDepthInter=1_SearchRange=0_TestRect=2_refs=1	0.9296	1.7673	1.9011
AMP=0_BipredSearchRange=0_FME=0_HadamardME=0_MaxPartitionDepth=2_SearchRange=0_TestRect=3_refs=1	0.8287	1.6158	1.9497
AMP=0_BipredSearchRange=0_FME=2_HadamardME=0_MaxPartitionDepth=3_SearchRange=0_refs=2	0.6158	1.2760	2.0719
AMP=0_BipredSearchRange=0_FME=2_HadamardME=0_MaxPartitionDepth=3_SearchRange=0_TestRect=3_refs=1	0.6862	1.2785	1.8632
AMP=0_BipredSearchRange=0_FME=2_HadamardME=0_MaxPartitionDepth=3_SearchRange=0_TestRect=3_refs=2	0.6524	1.2762	1.9562
BipredSearchRange=0_FME=2_HadamardME=0_MaxPartitionDepth=3_SearchRange=0_TestRect=3_refs=2	0.6103	1.2763	2.0912
BipredSearchRange=0_FME=2_HadamardME=0_MaxPartitionDepth=1_SearchRange=0_TestRect=3_refs=1	0.9016	2.1237	2.3556
AMP=0_BipredSearchRange=0_FME=0_HadamardME=0_MaxPartitionDepth=3_QuadtreeTUMaxDepthInter=1_SearchRange=0_TestRect=2_refs=1	0.8526	1.4031	1.6457
AMP=0_BipredSearchRange=0_FME=0_HadamardME=0_MaxPartitionDepth=3_QuadtreeTUMaxDepthInter=1_SearchRange=0_TestRect=3_refs=1	0.8420	1.3550	1.6092
AMP=0_BipredSearchRange=0_FME=0_HadamardME=0_MaxPartitionDepth=3_QuadtreeTUMaxDepthInter=1_SearchRange=0_TestRect=3_refs=3	0.8325	1.3516	1.6236
AMP=0_BipredSearchRange=0_FME=2_HadamardME=0_MaxPartitionDepth=3_QuadtreeTUMaxDepthInter=1_SearchRange=0_TestRect=3_refs=1	0.8112	1.3520	1.6668
AMP=0_BipredSearchRange=0_FME=0_HadamardME=0_MaxPartitionDepth=2_QuadtreeTUMaxDepthInter=1_SearchRange=0_TestRect=3_refs=1	0.8899	1.7760	1.9957
BipredSearchRange=0_FME=0_HadamardME=0_MaxPartitionDepth=3_QuadtreeTUMaxDepthInter=1_SearchRange=0_TestRect=2_refs=1	0.8355	1.4043	1.6809
AMP=0_BipredSearchRange=0_FME=2_HadamardME=0_MaxPartitionDepth=3_SearchRange=0_refs=1	0.6576	1.2763	1.9408
AMP=0_BipredSearchRange=0_FME=2_HadamardME=0_MaxPartitionDepth=3_QuadtreeTUMaxDepthInter=1_SearchRange=0_TestRect=2_refs=1	0.8286	1.4017	1.6918
BipredSearchRange=0_FME=0_HadamardME=0_MaxPartitionDepth=1_SearchRange=0_refs=1	0.9064	2.1213	2.3404
AMP=0_BipredSearchRange=0_FME=2_HadamardME=0_MaxPartitionDepth=3_QuadtreeTUMaxDepthInter=1_SearchRange=0_TestRect=3_refs=2	0.7775	1.3520	1.7389
AMP=0_BipredSearchRange=0_FME=0_HadamardME=0_MaxPartitionDepth=3_SearchRange=0_TestRect=3_refs=2	0.7121	1.2766	1.7927
AMP=0_BipredSearchRange=0_FME=0_HadamardME=0_MaxPartitionDepth=3_QuadtreeTUMaxDepthInter=1_SearchRange=0_TestRect=3_refs=2	0.8372	1.3537	1.6168
AMP=0_BipredSearchRange=0_FME=0_HadamardME=0_MaxPartitionDepth=2_SearchRange=0_TestRect=3_refs=2	0.8268	1.6127	1.9506
AMP=0_BipredSearchRange=0_FME=0_HadamardME=0_MaxPartitionDepth=2_QuadtreeTUMaxDepthInter=1_SearchRange=0_TestRect=3_refs=2	0.8883	1.7742	1.9973
AMP=0_BipredSearchRange=0_FME=2_MaxPartitionDepth=3_SearchRange=0_refs=1	0.6476	1.2788	1.9746
AMP=0_BipredSearchRange=0_FME=0_MaxPartitionDepth=3_SearchRange=0_refs=1	0.6955	1.2796	1.8398
AMP=0_BipredSearchRange=0_FME=2_HadamardME=0_MaxPartitionDepth=2_SearchRange=0_refs=1	0.7951	1.6155	2.0318
AMP=0_BipredSearchRange=0_FME=2_HadamardME=0_MaxPartitionDepth=2_SearchRange=0_TestRect=3_refs=1	0.8103	1.6155	1.9937
BipredSearchRange=0_FME=0_HadamardME=0_MaxPartitionDepth=3_SearchRange=0_refs=2	0.6495	1.2760	1.9646
AMP=0_BipredSearchRange=0_FME=0_HadamardME=0_MaxPartitionDepth=3_SearchRange=0_refs=2	0.6897	1.2752	1.8491
BipredSearchRange=0_FME=0_HadamardME=0_MaxPartitionDepth=3_SearchRange=0_TestRect=3_refs=2	0.6703	1.2770	1.9049
BipredSearchRange=0_FME=0_HadamardME=0_MaxPartitionDepth=3_QuadtreeTUMaxDepthInter=1_SearchRange=0_TestRect=3_refs=2	0.8208	1.3508	1.6457
BipredSearchRange=0_FME=0_HadamardME=0_MaxPartitionDepth=3_QuadtreeTUMaxDepthInter=1_SearchRange=0_TestRect=3_refs=1	0.8256	1.3540	1.6399
BipredSearchRange=0_FME=2_HadamardME=0_MaxPartitionDepth=3_SearchRange=0	0.4931	1.2735	2.5826
AMP=0_BipredSearchRange=0_FME=2_HadamardME=0_MaxPartitionDepth=1_SearchRange=0_TestRect=3_refs=1	0.9026	2.1237	2.3529
AMP=0_BipredSearchRange=0_FME=2_HadamardME=0_MaxPartitionDepth=1_SearchRange=0_refs=1	0.8957	2.1229	2.3703
